INSERT INTO departments (id, name)
VALUES
    (1, 'Administration'),
    (2, 'Housekeeping'),
    (3, 'Scaring'),
    (4, 'Training');

INSERT INTO roles (id, title, salary, department_id)
VALUES
    (10, 'CEO', 4000000.00, 1),
    (11, 'Receptionist', 15000.00, 1),
    (12, 'Office Assistant', 15000.00, 1),
    (13, 'Mailroom Supervisor', 9000.00, 1),
    (20, 'Cafeteria Worker', 10000.00, 2),
    (21, 'Janitor', 9000.00, 2),
    (30, 'Scare Floor Administrator', 50000.00, 3),
    (31, 'Scare Floor Supervisor', 30000.00, 3),
    (32, 'Scarer', 16000.00, 3),
    (33,'Scare Assistant', 14000.00, 3),
    (40, 'Training Supervisor', 40000.00, 4),
    (41, 'Trainee', 9000.00, 4);

INSERT INTO employees (id, first_name, last_name, role_id, manager_id)
VALUES
    (100, 'Henry', 'Waternoose', 10, NULL),
    (101, 'Celia', 'Mae', 11, 100),
    (102, 'Duncan', 'Newbern', 12, 300),
    (103, 'Yeti', 'Snowman', 13, 100),
    (200, 'Tony', 'Quaroni', 20, 100),
    (201, 'Chalooby', 'Balooby', 21, 100),
    (202, 'Needleman', 'Souling', 21, 100),
    (203, 'Smitty', 'Smelling', 21, 100),
    (300, 'Roz', 'NumberOne', 30, 100),
    (301, 'Jerry', 'Creeper', 31, 300),
    (302, 'James', 'Sullivan', 32, 300),
    (303, 'Randall', 'Boggs', 32, 300),
    (304, 'Augustis', 'Jones', 32, 300),
    (305, 'Bob', 'Peterson', 32, 300),
    (306, 'George', 'Sanderson', 32, 300),
    (307, 'Harley', 'Gerson', 32, 300),
    (308, 'Harry', 'Luckey', 32, 300),
    (309, 'Joe', 'Ranft', 32, 300),
    (310, 'Nicholas', 'Schmidt', 32, 300),
    (311, 'Pete', 'Ward', 32, 300),
    (312, 'Ricky', 'Plesuski', 32, 300),
    (313, 'Josh', 'Rivera', 32, 300),
    (314, 'Theodore', 'Pauley', 32, 300),
    (315, 'Mike', 'Wazowski', 33, 302),
    (316, 'Jeffery', 'Fungus', 33, 303),
    (317, 'Waxford', 'Edwards', 33, 304),
    (318, 'Frank', 'Holland', 33, 305),
    (319, 'Charlie', 'Proctor', 33, 306),
    (320, 'Stuart', 'Chandler', 33, 307),
    (321, 'Eric', 'Burke', 33, 308),
    (322, 'Glen', 'Walker', 33, 309),
    (323, 'Marge', 'Goodwin', 33, 310),
    (324, 'Chuck', 'Edwards', 33, 311),
    (325, 'Zack', 'Watkins', 33, 312),
    (326, 'Betty', 'Pacheco', 33, 313),
    (327, 'Kevin', 'Vaughn', 33, 314),
    (400, 'Ms', 'Flint', 40, 100),
    (401, 'Thaddeus', 'Bile', 41, 400),
    (402, 'Don', 'Carlton', 41, 400),
    (403, 'Scott', 'Squibbles', 41, 400),
    (404, 'Terri', 'Perry', 41, 400),
    (405, 'Terry', 'Perry', 41, 400),
    (406, 'Johnny', 'Worthinton', 41, 400),
    (407, 'Violet', 'Steslicki', 41, 400);